{
  "100m": { "A": 25.4347, "B": 18, "C": 1.81 },
  "long_jump": { "A": 0.14354, "B": 220, "C": 1.4 },
  "shot_put": { "A": 51.39, "B": 1.5, "C": 1.05 },
  "high_jump": { "A": 0.8465, "B": 75, "C": 1.42 },
  "400m": { "A": 1.53775, "B": 82, "C": 1.81 },
  "110m_hurdles": { "A": 5.74352, "B": 28.5, "C": 1.92 },
  "discus_throw": { "A": 12.91, "B": 4, "C": 1.1 },
  "pole_vault": { "A": 0.2797, "B": 100, "C": 1.35 },
  "javelin_throw": { "A": 10.14, "B": 7, "C": 1.08 },
  "1500m": { "A": 0.03768, "B": 480, "C": 1.85 }
}
